srcStateName,srcDistrictName,Year,StateCode,Current Usage,Next Hour Requirement,Available,Rate/Unit,Target,"Difference, supply vs demand",Action for surplus electricity
Andaman and Nicobar,Port Blair,2021,35,2381.42,2857.704,2571.9336,12.194,15,-285.7704,
Andhra Pradesh,Ananthapur,2021,28,40811.48,48973.776,44076.3984,12.818,15,-4897.3776,
Andhra Pradesh,Chittoor,2021,28,41740.64,50088.768,45079.8912,19.046,15,-5008.8768,
Andhra Pradesh,East Godavari,2021,28,52858.24,63429.888,57086.8992,10.148,15,-6342.9888,
Andhra Pradesh,Guntur,2021,28,48878.13,58653.756,52788.3804,23.834,15,-5865.3756,
Andhra Pradesh,Kadapa,2021,28,28824.69,34589.628,31130.6652,7.442,15,-3458.9628,
Andhra Pradesh,Krishna,2021,28,45173.98,54208.776,48787.8984,6.8,15,-5420.8776,
Andhra Pradesh,Kurnool,2021,28,40534.63,48641.556,43777.4004,8.15,15,-4864.1556,
Andhra Pradesh,Nellore,2021,28,29635.57,35562.684,32006.4156,5.3,15,-3556.2684,
Andhra Pradesh,Prakasham,2021,28,33974.48,40769.376,36692.4384,9.722,15,-4076.9376,
Andhra Pradesh,Srikakulam,2021,28,27031.14,32437.368,29193.6312,24.17,15,-3243.7368,
Andhra Pradesh,Visakapatnam,2021,28,42905.89,51487.068,46338.3612,20.18,15,-5148.7068,
Andhra Pradesh,Vizianagaram,2021,28,23444.74,28133.688,25320.3192,30.716,15,-2813.3688,
Andhra Pradesh,West Godavari,2021,28,39957.42,47948.904,43154.0136,5.768,15,-4794.8904,
Assam,Baksa,2021,18,9792.28,11750.736,10575.6624,6.116,15,-1175.0736,
Assam,Barpeta,2021,18,16954.24,20345.088,18310.5792,14.876,15,-2034.5088,
Assam,Bongaigaon,2021,18,6604.22,7925.064,7132.5576,17.252,15,-792.5064,
Assam,Cachar,2021,18,17934.71,21521.652,19369.4868,17.378,15,-2152.1652,
Assam,Charaideo,2021,18,4370.15,5244.18,6293.016,9.362,15,1048.836,
Assam,Chirang,2021,18,4914.2,5897.04,7076.448,21.098,15,1179.408,
Assam,Darrang,2021,18,8833.76,10600.512,12720.6144,5.378,15,2120.1024,
Assam,Dhemaji,2021,18,6790.46,8148.552,9778.2624,9.938,15,1629.7104,
Assam,Dhubri,2021,18,3886.99,4664.388,5597.2656,6.488,15,932.8776,
Assam,Dhubri,2021,18,14655.4,17586.48,21103.776,9.212,15,3517.296,
Assam,Dibrugarh,2021,18,13263.35,15916.02,19099.224,11.492,15,3183.204,
Assam,Dima Hasao,2021,18,2037.26,2444.712,2933.6544,5.12,15,488.9424,
Assam,Goalpara,2021,18,10081.83,12098.196,14517.8352,5.126,15,2419.6392,
Assam,Golaghat,2021,18,10847.51,13017.012,15620.4144,6.302,15,2603.4024,
Assam,Hailakandi,2021,18,7266.18,8719.416,10463.2992,5.162,15,1743.8832,
Assam,Hojai,2021,18,9312.18,11174.616,13409.5392,5.366,15,2234.9232,
Assam,Jorhat,2021,18,9249.52,11099.424,13319.3088,5.114,15,2219.8848,
Assam,Jorhat,2021,18,1673.04,2007.648,2409.1776,5.132,15,401.5296,
Assam,Kamrup,2021,18,15180.31,18216.372,21859.6464,5.204,15,3643.2744,
Assam,Kamrup Metro,2021,18,12296.28,14755.536,17706.6432,12.314,15,2951.1072,
Assam,Karbi Anglong,2021,18,3593.33,4311.996,5174.3952,13.01,15,862.3992,
Assam,Karbi Anglong,2021,18,5894.93,7073.916,8488.6992,19.412,15,1414.7832,
Assam,Karimganj,2021,18,11718.32,14061.984,16874.3808,10.13,15,2812.3968,
Assam,Kokrajhar,2021,18,9821.61,11785.932,14143.1184,23.708,15,2357.1864,
Assam,Lakhimpur,2021,18,10430.96,12517.152,15020.5824,7.358,15,2503.4304,
Assam,Morigaon,2021,18,9574.23,11489.076,13786.8912,6.806,15,2297.8152,
Assam,Nagaon,2021,18,18925.5,22710.6,27252.72,8.246,15,4542.12,
Assam,Nalbari,2021,18,7670.4,9204.48,11045.376,5.294,15,1840.896,
Assam,Sivasagar,2021,18,7140.35,8568.42,10282.104,9.728,15,1713.684,
Assam,Sonitpur,2021,18,7341,8809.2,10571.04,24.002,15,1761.84,
Assam,Sonitpur,2021,18,11900.1,14280.12,17136.144,20.216,15,2856.024,
Assam,Tinsukia,2021,18,13279.29,15935.148,19122.1776,30.176,15,3187.0296,
Assam,Udalguri,2021,18,8660,10392,12470.4,5.822,15,2078.4,
Bihar,Araria,2021,10,28115.69,33738.828,40486.5936,6.092,15,6747.7656,
Bihar,Aurangabad,2021,10,25400.73,30480.876,36577.0512,15.206,15,6096.1752,
Bihar,Banka,2021,10,20094.27,24113.124,28935.7488,17.27,15,4822.6248,
Bihar,Begusarai,2021,10,29705.41,35646.492,42775.7904,17.732,15,7129.2984,
Bihar,Bettiah,2021,10,39350.42,47220.504,56664.6048,9.416,15,9444.1008,
Bihar,Bhagalpur,2021,10,30509.71,36611.652,43933.9824,22.112,15,7322.3304,
Bihar,Bhojpur,2021,10,27284.07,32740.884,39289.0608,5.39,15,6548.1768,
Bihar,Buxar,2021,10,17063.52,20476.224,24571.4688,9.92,15,4095.2448,
Bihar,Darbhanga,2021,10,39416.9,47300.28,56760.336,6.536,15,9460.056,
Bihar,Gaya,2021,10,43914.18,52697.016,63236.4192,9.074,15,10539.4032,
Bihar,Gopalganj,2021,10,25620.12,30744.144,36892.9728,11.612,15,6148.8288,
Bihar,Jamui,2021,10,17604.05,21124.86,25349.832,5.114,15,4224.972,
Bihar,Jehanabad,2021,10,11253.13,13503.756,16204.5072,5.132,15,2700.7512,
Bihar,Kaimur at Bhabhua,2021,10,16263.84,19516.608,23419.9296,6.404,15,3903.3216,
Bihar,Katihar,2021,10,30564.52,36677.424,44012.9088,5.144,15,7335.4848,
Bihar,Khagaria,2021,10,16668.86,20002.632,24003.1584,5.39,15,4000.5264,
Bihar,Kishanganj,2021,10,16904,20284.8,24341.76,5.108,15,4056.96,
Bihar,Lakhisarai,2021,10,10009.12,12010.944,14413.1328,5.132,15,2402.1888,
Bihar,Madhepura,2021,10,20017.62,24021.144,28825.3728,5.216,15,4804.2288,
Bihar,Madhubani,2021,10,44873.79,53848.548,64618.2576,12.128,15,10769.7096,
Bihar,Motihari,2021,10,50993.71,61192.452,73430.9424,12.692,15,12238.4904,
Bihar,Munger,2021,10,13677.65,16413.18,19695.816,19.388,15,3282.636,
Bihar,Muzaffarpur,2021,10,48010.62,57612.744,69135.2928,10.01,15,11522.5488,
Bihar,Nalanda,2021,10,28776.53,34531.836,41438.2032,24.242,15,6906.3672,
Bihar,Nawada,2021,10,22191.46,26629.752,31955.7024,7.286,15,5325.9504,
Bihar,Patna,2021,10,58384.65,70061.58,84073.896,6.806,15,14012.316,
Bihar,Purnea,2021,10,32646.19,39175.428,47010.5136,8.192,15,7835.0856,
Bihar,Rohtas Sasaram,2021,10,29599.18,35519.016,42622.8192,5.288,15,7103.8032,
Bihar,Saharsa,2021,10,19006.61,22807.932,27369.5184,9.488,15,4561.5864,
Bihar,Samastipur,2021,10,42615.66,51138.792,61366.5504,23.114,15,10227.7584,
Bihar,Saran at Chapra,2021,10,39518.62,47422.344,56906.8128,19.358,15,9484.4688,
Bihar,Sheikhpura,2021,10,6363.42,7636.104,9163.3248,28.748,15,1527.2208,
Bihar,Sheohar,2021,10,6562.46,7874.952,9449.9424,5.756,15,1574.9904,
Bihar,Sitamarhi,2021,10,34235.74,41082.888,49299.4656,6.002,15,8216.5776,
Bihar,Siwan,2021,10,33304.64,39965.568,47958.6816,14.912,15,7993.1136,
Bihar,Supaul,2021,10,22290.76,26748.912,32098.6944,17.072,15,5349.7824,
Bihar,Vaishali,2021,10,35174.24,42209.088,50650.9056,17.318,15,8441.8176,
Chandigarh,Chandigarh,2021,4,10554.5,12665.4,15198.48,9.404,15,2533.08,
Chhattisgarh,Balod,2021,22,8261.65,9913.98,11896.776,21.218,15,1982.796,
Chhattisgarh,Balodabazar,2021,22,13053.43,15664.116,18796.9392,5.384,15,3132.8232,
Chhattisgarh,Balrampur Ramanujganj,2021,22,7304.91,8765.892,10519.0704,9.974,15,1753.1784,
Chhattisgarh,Bastar,2021,22,212.82,255.384,306.4608,6.578,15,51.0768,
Chhattisgarh,Bastar,2021,22,8130.93,9757.116,11708.5392,8.978,15,1951.4232,
Chhattisgarh,Bemetara,2021,22,7957.59,9549.108,11458.9296,11.408,15,1909.8216,
Chhattisgarh,Bilaspur,2021,22,3364.2,4037.04,4844.448,5.102,15,807.408,
Chhattisgarh,Bilaspur,2021,22,16255.02,19506.024,23407.2288,5.132,15,3901.2048,
Chhattisgarh,Dantewada,2021,22,2501.59,3001.908,3602.2896,6.302,15,600.3816,
Chhattisgarh,Dantewada,2021,22,2834.79,3401.748,4082.0976,5.144,15,680.3496,
Chhattisgarh,Dhamtari,2021,22,7997.81,9597.372,11516.8464,5.378,15,1919.4744,
Chhattisgarh,Durg,2021,22,17219.48,20663.376,24796.0512,5.102,15,4132.6752,
Chhattisgarh,Janjgir,2021,22,16197.07,19436.484,23323.7808,5.132,15,3887.2968,
Chhattisgarh,Jashpur,2021,22,8516.69,10220.028,12264.0336,5.21,15,2044.0056,
Chhattisgarh,Kanker,2021,22,7489.41,8987.292,10784.7504,12.26,15,1797.4584,
Chhattisgarh,Kawardha,2021,22,8225.26,9870.312,11844.3744,12.65,15,1974.0624,
Chhattisgarh,Kondagaon,2021,22,5788.24,6945.888,8335.0656,19.346,15,1389.1776,
Chhattisgarh,Korba,2021,22,12066.4,14479.68,17375.616,9.752,15,2895.936,
Chhattisgarh,Koriya,2021,22,6589.17,7907.004,9488.4048,22.94,15,1581.4008,
Chhattisgarh,Mahasamund,2021,22,10327.54,12393.048,14871.6576,7.352,15,2478.6096,
Chhattisgarh,Mungeli,2021,22,7017.07,8420.484,10104.5808,6.812,15,1684.0968,
Chhattisgarh,Raigarh,2021,22,14939.84,17927.808,21513.3696,8.09,15,3585.5616,
Chhattisgarh,Raipur,2021,22,5976.53,7171.836,8606.2032,5.258,15,1434.3672,
Chhattisgarh,Raipur,2021,22,21608.76,25930.512,31116.6144,9.14,15,5186.1024,
Chhattisgarh,Rajnandgaon,2021,22,15371.33,18445.596,22134.7152,23.792,15,3689.1192,
Chhattisgarh,Surajpur,2021,22,7843.87,9412.644,11295.1728,18.692,15,1882.5288,
Chhattisgarh,Surguja at Ambikapur,2021,22,8450.08,10140.096,12168.1152,29.666,15,2028.0192,
Delhi,Central,2021,7,8664.64,10397.568,12477.0816,5.78,15,2079.5136,
Delhi,East,2021,7,2381.42,2857.704,3429.2448,6.056,15,571.5408,
Delhi,New Delhi,2021,7,40811.48,48973.776,58768.5312,15.044,15,9794.7552,
Delhi,North,2021,7,41740.64,50088.768,60106.5216,17.102,15,10017.7536,
Delhi,North East,2021,7,52858.24,63429.888,76115.8656,17.744,15,12685.9776,
Delhi,North West,2021,7,48878.13,58653.756,70384.5072,9.524,15,11730.7512,
Delhi,Shahdara,2021,7,28824.69,34589.628,41507.5536,22.208,15,6917.9256,
Delhi,South,2021,7,45173.98,54208.776,65050.5312,5.396,15,10841.7552,
Delhi,South East,2021,7,40534.63,48641.556,58369.8672,9.62,15,9728.3112,
Delhi,South West,2021,7,29635.57,35562.684,42675.2208,6.38,15,7112.5368,
Delhi,West,2021,7,33974.48,40769.376,48923.2512,8.948,15,8153.8752,
Diu and Daman,Daman,2021,38,27031.14,32437.368,38924.8416,11.42,15,6487.4736,
Diu and Daman,Diu,2021,38,42905.89,51487.068,61784.4816,5.12,15,10297.4136,
Dadra and Nagar Haweli,Silvassa,2021,38,23444.74,28133.688,33760.4256,5.132,15,5626.7376,
Goa,North Goa,2021,30,39957.42,47948.904,57538.6848,6.35,15,9589.7808,
Goa,South Goa,2021,30,9792.28,11750.736,14100.8832,5.162,15,2350.1472,
Gujarat,Ahmedabad,2021,24,16954.24,20345.088,24414.1056,5.342,15,4069.0176,
Gujarat,Amreli,2021,24,6604.22,7925.064,9510.0768,5.108,15,1585.0128,
Gujarat,Anand,2021,24,17934.71,21521.652,25825.9824,5.138,15,4304.3304,
Gujarat,Aravalli at Modasa,2021,24,4370.15,5244.18,6293.016,5.21,15,1048.836,
Gujarat,Banaskanth at Palanpur,2021,24,4914.2,5897.04,7076.448,12.284,15,1179.408,
Gujarat,Bharuch,2021,24,8833.76,10600.512,12720.6144,12.956,15,2120.1024,
Gujarat,Bhavnagar,2021,24,6790.46,8148.552,9778.2624,19.424,15,1629.7104,
Gujarat,BOTAD,2021,24,3886.99,4664.388,5597.2656,9.596,15,932.8776,
Gujarat,Chhota Udepur,2021,24,14655.4,17586.48,15827.832,22.208,15,-1758.648,
Gujarat,Dahod,2021,24,13263.35,15916.02,14324.418,7.352,15,-1591.602,
Gujarat,Devbhumi Dwarka at Khambhaliya,2021,24,2037.26,2444.712,2200.2408,6.86,15,-244.4712,
Gujarat,GANDHINAGAR,2021,24,10081.83,12098.196,10888.3764,8.192,15,-1209.8196,
Gujarat,Gir Somnath at Veraval,2021,24,10847.51,13017.012,11715.3108,5.258,15,-1301.7012,
Gujarat,Jamnagar,2021,24,7266.18,8719.416,7847.4744,9.086,15,-871.9416,
Gujarat,Junagadh,2021,24,9312.18,11174.616,10057.1544,24.242,15,-1117.4616,
Gujarat,kachchh at Bhuj,2021,24,9249.52,11099.424,9989.4816,18.644,15,-1109.9424,
Gujarat,Kheda at Nadiad,2021,24,1673.04,2007.648,1806.8832,29.516,15,-200.7648,
Gujarat,Mahesana,2021,24,15180.31,18216.372,16394.7348,5.774,15,-1821.6372,
Gujarat,Mahisagar at Lunawada,2021,24,12296.28,14755.536,13279.9824,6.116,15,-1475.5536,
Gujarat,MORBI,2021,24,3593.33,4311.996,3880.7964,15.272,15,-431.1996,
Gujarat,Narmada,2021,24,5894.93,7073.916,6366.5244,16.694,15,-707.3916,
Gujarat,Navsari,2021,24,11718.32,14061.984,12655.7856,18.05,15,-1406.1984,
Gujarat,Panchmahal at Godhra,2021,24,9821.61,11785.932,10607.3388,9.524,15,-1178.5932,
Gujarat,Patan,2021,24,10430.96,12517.152,11265.4368,22.898,15,-1251.7152,
Gujarat,Porbandar,2021,24,9574.23,11489.076,10340.1684,5.432,15,-1148.9076,
Gujarat,RAJKOT,2021,24,18925.5,22710.6,20439.54,9.584,15,-2271.06,
Gujarat,Sabarkantha at Himmatnagar,2021,24,7670.4,9204.48,11045.376,6.356,15,1840.896,
Gujarat,SURAT,2021,24,7140.35,8568.42,10282.104,8.774,15,1713.684,
Gujarat,Surendranagar,2021,24,7341,8809.2,10571.04,11.384,15,1761.84,
Gujarat,Tapi,2021,24,11900.1,14280.12,17136.144,5.12,15,2856.024,
Gujarat,Vadodara,2021,24,13279.29,15935.148,19122.1776,5.132,15,3187.0296,
Gujarat,Valsad,2021,24,8660,10392,12470.4,6.302,15,2078.4,
Haryana,Ambala,2021,6,28115.69,33738.828,40486.5936,5.162,15,6747.7656,
Haryana,Bhiwani,2021,6,25400.73,30480.876,36577.0512,5.372,15,6096.1752,
Haryana,Bhiwani,2021,6,20094.27,24113.124,28935.7488,5.114,15,4822.6248,
Haryana,Faridabad,2021,6,29705.41,35646.492,42775.7904,5.138,15,7129.2984,
Haryana,Fatehabad,2021,6,39350.42,47220.504,56664.6048,5.198,15,9444.1008,
Haryana,Gurugram,2021,6,30509.71,36611.652,43933.9824,12.08,15,7322.3304,
Haryana,Hisar,2021,6,27284.07,32740.884,39289.0608,12.926,15,6548.1768,
Haryana,Jhajjar,2021,6,17063.52,20476.224,24571.4688,19.514,15,4095.2448,
Haryana,Jind,2021,6,39416.9,47300.28,56760.336,9.266,15,9460.056,
Haryana,Kaithal,2021,6,43914.18,52697.016,63236.4192,22.652,15,10539.4032,
Haryana,Karnal,2021,6,25620.12,30744.144,36892.9728,7.406,15,6148.8288,
Haryana,Kurukshetra,2021,6,17604.05,21124.86,25349.832,6.806,15,4224.972,
Haryana,Narnaul,2021,6,11253.13,13503.756,16204.5072,8.198,15,2700.7512,
Haryana,Nuh,2021,6,16263.84,19516.608,23419.9296,5.24,15,3903.3216,
Haryana,Palwal,2021,6,30564.52,36677.424,44012.9088,9.386,15,7335.4848,
Haryana,Panchkula,2021,6,16668.86,20002.632,24003.1584,24.164,15,4000.5264,
Haryana,Panipat,2021,6,16904,20284.8,24341.76,18.818,15,4056.96,
Haryana,Rewari,2021,6,10009.12,12010.944,14413.1328,29.486,15,2402.1888,
Haryana,Rohtak,2021,6,20017.62,24021.144,28825.3728,5.762,15,4804.2288,
Haryana,Sirsa,2021,6,44873.79,53848.548,64618.2576,6.098,15,10769.7096,
Haryana,Sonepat,2021,6,50993.71,61192.452,73430.9424,14.984,15,12238.4904,
Haryana,Yamunanagar,2021,6,13677.65,16413.18,19695.816,16.514,15,3282.636,
Himachal Pradesh,Bilaspur,2021,2,48010.62,57612.744,69135.2928,18.044,15,11522.5488,
Himachal Pradesh,Chamba,2021,2,28776.53,34531.836,41438.2032,9.494,15,6906.3672,
Himachal Pradesh,Hamirpur,2021,2,22191.46,26629.752,31955.7024,22.652,15,5325.9504,
Himachal Pradesh,Kangra,2021,2,58384.65,70061.58,84073.896,5.42,15,14012.316,
Himachal Pradesh,Kinnaur,2021,2,32646.19,39175.428,47010.5136,9.518,15,7835.0856,
Himachal Pradesh,Kullu,2021,2,29599.18,35519.016,42622.8192,6.434,15,7103.8032,
Himachal Pradesh,Mandi,2021,2,19006.61,22807.932,27369.5184,8.84,15,4561.5864,
Himachal Pradesh,Shimla,2021,2,42615.66,51138.792,61366.5504,11.558,15,10227.7584,
Himachal Pradesh,Sirmaur,2021,2,39518.62,47422.344,56906.8128,5.09,15,9484.4688,
Himachal Pradesh,Solan,2021,2,6363.42,7636.104,9163.3248,5.132,15,1527.2208,
Himachal Pradesh,Una,2021,2,6562.46,7874.952,9449.9424,6.284,15,1574.9904,
Jammu and Kashmir,Anantnag,2021,1,34235.74,41082.888,49299.4656,5.15,15,8216.5776,
Jammu and Kashmir,Bandipora,2021,1,33304.64,39965.568,47958.6816,5.366,15,7993.1136,
Jammu and Kashmir,Baramulla,2021,1,22290.76,26748.912,32098.6944,5.108,15,5349.7824,
Jammu and Kashmir,Budgam,2021,1,35174.24,42209.088,50650.9056,5.138,15,8441.8176,
Jammu and Kashmir,Doda,2021,1,10554.5,12665.4,15198.48,5.198,15,2533.08,
Jammu and Kashmir,Ganderbal,2021,1,8261.65,9913.98,11896.776,11.45,15,1982.796,
Jammu and Kashmir,Jammu,2021,1,13053.43,15664.116,18796.9392,12.284,15,3132.8232,
Jammu and Kashmir,Kathua,2021,1,7304.91,8765.892,10519.0704,5,15,1753.1784,Turn on all street lights
Jammu and Kashmir,Kishtwar,2021,1,212.82,255.384,306.4608,5,15,51.0768,
Jammu and Kashmir,Kulgam,2021,1,8130.93,9757.116,11708.5392,4.016,15,1951.4232,
Jammu and Kashmir,Kupwara,2021,1,7957.59,9549.108,11458.9296,5,15,1909.8216,
Jammu and Kashmir,Poonch,2021,1,3364.2,4037.04,4844.448,2.108,15,807.408,Charge Cars
Jammu and Kashmir,Pulwama,2021,1,16255.02,19506.024,23407.2288,5,15,3901.2048,
Jammu and Kashmir,Rajouri,2021,1,2501.59,3001.908,3602.2896,5,15,600.3816,
Jammu and Kashmir,Ramban,2021,1,2834.79,3401.748,4082.0976,4.904,15,680.3496,
Jammu and Kashmir,Reasi,2021,1,7997.81,9597.372,11516.8464,4.7,15,1919.4744,
Jammu and Kashmir,Samba,2021,1,17219.48,20663.376,24796.0512,1.1,15,4132.6752,Charge Cars
Jammu and Kashmir,Shopian,2021,1,16197.07,19436.484,23323.7808,4.7,15,3887.2968,
Jammu and Kashmir,Srinagar,2021,1,8516.69,10220.028,12264.0336,4.304,15,2044.0056,
Jammu and Kashmir,Udhampur,2021,1,7489.41,8987.292,10784.7504,4.808,15,1797.4584,
Jharkhand,Bokaro,2021,20,8225.26,9870.312,11844.3744,4.724,15,1974.0624,
Jharkhand,Chatra,2021,20,5788.24,6945.888,8335.0656,4.484,15,1389.1776,
Jharkhand,Daltonganj,2021,20,12066.4,14479.68,17375.616,5,15,2895.936,
Jharkhand,Deoghar,2021,20,6589.17,7907.004,9488.4048,5,15,1581.4008,
Jharkhand,Dhanbad,2021,20,10327.54,12393.048,14871.6576,5,15,2478.6096,
Jharkhand,Dumka,2021,20,7017.07,8420.484,10104.5808,5,15,1684.0968,
Jharkhand,East Singhbhum at Jamshedpur,2021,20,14939.84,17927.808,21513.3696,5,15,3585.5616,
Jharkhand,Garhwa,2021,20,5976.53,7171.836,8606.2032,5,15,1434.3672,Charge invertors
Jharkhand,Giridih,2021,20,21608.76,25930.512,31116.6144,1.556,15,5186.1024,Charge Cars
Jharkhand,Godda,2021,20,15371.33,18445.596,22134.7152,0.38,15,3689.1192,Charge Cars
Jharkhand,Gumla,2021,20,7843.87,9412.644,11295.1728,4.364,15,1882.5288,
Jharkhand,Hazaribagh,2021,20,8450.08,10140.096,12168.1152,5,15,2028.0192,
Jharkhand,Jamtara,2021,20,8664.64,10397.568,12477.0816,5,15,2079.5136,
Jharkhand,KHUNTI,2021,20,2381.42,2857.704,3429.2448,5,15,571.5408,
Jharkhand,Koderma,2021,20,40811.48,48973.776,58768.5312,5,15,9794.7552,
Jharkhand,Latehar,2021,20,41740.64,50088.768,60106.5216,3.584,15,10017.7536,
Jharkhand,Lohardaga,2021,20,52858.24,63429.888,76115.8656,2.828,15,12685.9776,
Jharkhand,Pakur,2021,20,48878.13,58653.756,70384.5072,5,15,11730.7512,
Jharkhand,RAMGARH,2021,20,28824.69,34589.628,41507.5536,5,15,6917.9256,
Jharkhand,Ranchi,2021,20,45173.98,54208.776,65050.5312,5,15,10841.7552,
Jharkhand,Sahibganj,2021,20,40534.63,48641.556,58369.8672,5,15,9728.3112,Turn on all street lights
Jharkhand,Seraikella,2021,20,29635.57,35562.684,42675.2208,5,15,7112.5368,
Jharkhand,Simdega,2021,20,33974.48,40769.376,48923.2512,4.004,15,8153.8752,
Jharkhand,West Singhbhum at Chaibasa,2021,20,27031.14,32437.368,38924.8416,5,15,6487.4736,
Karnataka,BAGALKOT,2021,29,42905.89,51487.068,61784.4816,2.144,15,10297.4136,Charge Cars
Karnataka,BALLARI,2021,29,23444.74,28133.688,33760.4256,5,15,5626.7376,
Karnataka,BELAGAVI,2021,29,39957.42,47948.904,57538.6848,5,15,9589.7808,
Karnataka,BENGALURU,2021,29,9792.28,11750.736,14100.8832,4.892,15,2350.1472,
Karnataka,BENGALURU RURAL,2021,29,16954.24,20345.088,24414.1056,4.712,15,4069.0176,
Karnataka,BIDAR,2021,29,6604.22,7925.064,9510.0768,1.232,15,1585.0128,Charge Cars
Karnataka,CHAMRAJNAGAR,2021,29,17934.71,21521.652,25825.9824,4.688,15,4304.3304,
Karnataka,CHIKKABALLAPUR,2021,29,4370.15,5244.18,6293.016,4.328,15,1048.836,
Karnataka,CHIKKAMAGALURU,2021,29,4914.2,5897.04,7076.448,4.808,15,1179.408,
Karnataka,CHITRADURGA,2021,29,8833.76,10600.512,12720.6144,4.736,15,2120.1024,
Karnataka,DAKSHINA KANNADA,2021,29,6790.46,8148.552,9778.2624,4.424,15,1629.7104,
Karnataka,DAVANGERE,2021,29,3886.99,4664.388,5597.2656,5,15,932.8776,
Karnataka,DHARWAD,2021,29,14655.4,17586.48,21103.776,5,15,3517.296,
Karnataka,GADAG,2021,29,13263.35,15916.02,19099.224,5,15,3183.204,
Karnataka,HASSAN,2021,29,2037.26,2444.712,2933.6544,5,15,488.9424,
Karnataka,HAVERI,2021,29,10081.83,12098.196,14517.8352,5,15,2419.6392,
Karnataka,KALABURAGI,2021,29,10847.51,13017.012,15620.4144,5,15,2603.4024,Charge invertors
Karnataka,KODAGU,2021,29,7266.18,8719.416,10463.2992,1.628,15,1743.8832,Charge Cars
Karnataka,KOLAR,2021,29,9312.18,11174.616,13409.5392,0.152,15,2234.9232,Charge Cars
Karnataka,KOPPAL,2021,29,9249.52,11099.424,13319.3088,4.388,15,2219.8848,
Karnataka,MANDYA,2021,29,1673.04,2007.648,2409.1776,5,15,401.5296,
Karnataka,MYSURU,2021,29,15180.31,18216.372,21859.6464,5,15,3643.2744,
Karnataka,RAICHUR,2021,29,12296.28,14755.536,17706.6432,5,15,2951.1072,
Karnataka,RAMANAGARAM,2021,29,3593.33,4311.996,5174.3952,5,15,862.3992,
Karnataka,SHIVAMOGGA,2021,29,5894.93,7073.916,8488.6992,3.584,15,1414.7832,
Karnataka,TUMAKURU,2021,29,11718.32,14061.984,16874.3808,2.876,15,2812.3968,
Karnataka,UDUPI,2021,29,9821.61,11785.932,14143.1184,5,15,2357.1864,
Karnataka,UTTARA KANNADA,2021,29,10430.96,12517.152,15020.5824,5,15,2503.4304,
Karnataka,VIJAYAPURA,2021,29,9574.23,11489.076,13786.8912,5,15,2297.8152,
Karnataka,YADGIR,2021,29,18925.5,22710.6,27252.72,5,15,4542.12,Turn on all street lights
Kerala,Alappuzha,2021,32,7670.4,9204.48,11045.376,5,15,1840.896,
Kerala,Ernakulam,2021,32,7140.35,8568.42,10282.104,4.004,15,1713.684,
Kerala,Idukki,2021,32,7341,8809.2,10571.04,5,15,1761.84,
Kerala,Kannur,2021,32,11900.1,14280.12,17136.144,2,15,2856.024,Charge Cars
Kerala,Kasaragod,2021,32,13279.29,15935.148,19122.1776,5,15,3187.0296,
Kerala,Kollam,2021,32,8660,10392,12470.4,5,15,2078.4,
Kerala,Kottayam,2021,32,28115.69,33738.828,40486.5936,4.892,15,6747.7656,
Kerala,Kozhikode,2021,32,25400.73,30480.876,36577.0512,4.748,15,6096.1752,
Kerala,Lakshadweep,2021,32,20094.27,24113.124,28935.7488,1.04,15,4822.6248,Charge Cars
Kerala,Malappuram,2021,32,29705.41,35646.492,42775.7904,4.688,15,7129.2984,
Kerala,Palakkad,2021,32,39350.42,47220.504,56664.6048,4.328,15,9444.1008,
Kerala,Pathanamthitta,2021,32,30509.71,36611.652,43933.9824,4.796,15,7322.3304,
Kerala,Thiruvananthapuram,2021,32,27284.07,32740.884,39289.0608,4.736,15,6548.1768,
Kerala,Thrissur,2021,32,17063.52,20476.224,24571.4688,4.34,15,4095.2448,
Kerala,Wayanad,2021,32,39416.9,47300.28,56760.336,5,15,9460.056,
Ladakh,Kargil,2021,37,43914.18,52697.016,63236.4192,5,15,10539.4032,
Ladakh,Leh,2021,37,25620.12,30744.144,36892.9728,5,15,6148.8288,
Madhya Pradesh,Alirajpur,2021,23,17604.05,21124.86,25349.832,5,15,4224.972,
Madhya Pradesh,Anuppur,2021,23,11253.13,13503.756,16204.5072,5,15,2700.7512,
Madhya Pradesh,Ashoknagr,2021,23,16263.84,19516.608,23419.9296,0.224,15,3903.3216,Charge Cars
Madhya Pradesh,Balaghat,2021,23,30564.52,36677.424,44012.9088,1.544,15,7335.4848,Charge Cars
Madhya Pradesh,Barwani,2021,23,16668.86,20002.632,24003.1584,5,15,4000.5264,Charge invertors
Madhya Pradesh,Betul,2021,23,16904,20284.8,24341.76,4.376,15,4056.96,
Madhya Pradesh,Bhind,2021,23,10009.12,12010.944,14413.1328,5.126,15,2402.1888,0
Madhya Pradesh,Bhopal,2021,23,20017.62,24021.144,28825.3728,6.548,15,4804.2288,0
Madhya Pradesh,Burhanpur,2021,23,44873.79,53848.548,64618.2576,5.144,15,10769.7096,0
Madhya Pradesh,Chhatarpur,2021,23,50993.71,61192.452,73430.9424,5.372,15,12238.4904,0
Madhya Pradesh,Chhindwara,2021,23,13677.65,16413.18,19695.816,5.102,15,3282.636,0
Madhya Pradesh,Damoh,2021,23,48010.62,57612.744,69135.2928,5.126,15,11522.5488,0
Madhya Pradesh,Datia,2021,23,28776.53,34531.836,41438.2032,5.258,15,6906.3672,0
Madhya Pradesh,Dewas,2021,23,22191.46,26629.752,31955.7024,12.818,15,5325.9504,0
Madhya Pradesh,Dhar,2021,23,58384.65,70061.58,84073.896,13.718,15,14012.316,0
Madhya Pradesh,Dindori,2021,23,32646.19,39175.428,47010.5136,16.262,15,7835.0856,0
Madhya Pradesh,Guna,2021,23,29599.18,35519.016,42622.8192,9.77,15,7103.8032,0
Madhya Pradesh,Gwalior,2021,23,19006.61,22807.932,27369.5184,21.884,15,4561.5864,0
Madhya Pradesh,Harda,2021,23,42615.66,51138.792,61366.5504,6.806,15,10227.7584,0
Madhya Pradesh,Hoshangabad,2021,23,39518.62,47422.344,56906.8128,6.434,15,9484.4688,0
Madhya Pradesh,Indore,2021,23,6363.42,7636.104,9163.3248,7.238,15,1527.2208,0
Madhya Pradesh,Jabalpur,2021,23,6562.46,7874.952,9449.9424,5.204,15,1574.9904,0
Madhya Pradesh,Jhabua,2021,23,34235.74,41082.888,49299.4656,9.842,15,8216.5776,0
Madhya Pradesh,Katni,2021,23,33304.64,39965.568,47958.6816,21.5,15,7993.1136,0
Madhya Pradesh,Khandwa,2021,23,22290.76,26748.912,32098.6944,14.258,15,5349.7824,0
Madhya Pradesh,Mandla,2021,23,35174.24,42209.088,50650.9056,29.312,15,8441.8176,0
Madhya Pradesh,Mandleshwar,2021,23,10554.5,12665.4,15198.48,5.726,15,2533.08,0
Madhya Pradesh,Mandsaur,2021,23,8261.65,9913.98,11896.776,6.014,15,1982.796,0
Madhya Pradesh,Morena,2021,23,13053.43,15664.116,18796.9392,15.062,15,3132.8232,0
Madhya Pradesh,Narsinghpur,2021,23,7304.91,8765.892,10519.0704,15.002,15,1753.1784,0
Madhya Pradesh,Neemuch,2021,23,212.82,255.384,306.4608,14.42,15,51.0768,0
Madhya Pradesh,Panna,2021,23,8130.93,9757.116,11708.5392,9.044,15,1951.4232,0
Madhya Pradesh,Raisen,2021,23,7957.59,9549.108,11458.9296,21.23,15,1909.8216,0
Madhya Pradesh,Rajgarh,2021,23,3364.2,4037.04,4844.448,5.426,15,807.408,0
Madhya Pradesh,Ratlam,2021,23,16255.02,19506.024,23407.2288,9.572,15,3901.2048,0
Madhya Pradesh,Rewa,2021,23,2501.59,3001.908,3602.2896,6.398,15,600.3816,0
Madhya Pradesh,Sagar,2021,23,2834.79,3401.748,4082.0976,9.704,15,680.3496,0
Madhya Pradesh,Satna,2021,23,7997.81,9597.372,11516.8464,13.988,15,1919.4744,0
Madhya Pradesh,Sehore,2021,23,17219.48,20663.376,24796.0512,5.048,15,4132.6752,0
Madhya Pradesh,Seoni,2021,23,16197.07,19436.484,23323.7808,5.126,15,3887.2968,0
Madhya Pradesh,Shahdol,2021,23,8516.69,10220.028,12264.0336,6.674,15,2044.0056,0
Madhya Pradesh,Shajapur,2021,23,7489.41,8987.292,10784.7504,5.144,15,1797.4584,0
Madhya Pradesh,Shajapur,2021,23,8225.26,9870.312,11844.3744,5.372,15,1974.0624,0
Madhya Pradesh,Sheopur,2021,23,5788.24,6945.888,8335.0656,5.108,15,1389.1776,0
Madhya Pradesh,Shivpuri,2021,23,12066.4,14479.68,17375.616,5.126,15,2895.936,0
Madhya Pradesh,Sidhi,2021,23,6589.17,7907.004,9488.4048,5.258,15,1581.4008,0
Madhya Pradesh,Singrauli,2021,23,10327.54,12393.048,14871.6576,13.274,15,2478.6096,0
Madhya Pradesh,Tikamgarh,2021,23,7017.07,8420.484,10104.5808,14.114,15,1684.0968,0
Madhya Pradesh,Tikamgarh,2021,23,14939.84,17927.808,21513.3696,16.394,15,3585.5616,0
Madhya Pradesh,Ujjain,2021,23,5976.53,7171.836,8606.2032,10.556,15,1434.3672,0
Madhya Pradesh,Umaria,2021,23,21608.76,25930.512,31116.6144,22.916,15,5186.1024,0
Madhya Pradesh,Vidisha,2021,23,15371.33,18445.596,22134.7152,7.082,15,3689.1192,0
Maharashtra,Ahmednagar,2021,27,7843.87,9412.644,11295.1728,6.584,15,1882.5288,0
Maharashtra,Akola,2021,27,8450.08,10140.096,12168.1152,7.076,15,2028.0192,0
Maharashtra,Amravati,2021,27,8664.64,10397.568,12477.0816,5.24,15,2079.5136,0
Maharashtra,Aurangabad,2021,27,2381.42,2857.704,3429.2448,10.112,15,571.5408,0
Maharashtra,Beed,2021,27,40811.48,48973.776,58768.5312,22.646,15,9794.7552,0
Maharashtra,Bhandara,2021,27,41740.64,50088.768,60106.5216,14.666,15,10017.7536,0
Maharashtra,Buldhana,2021,27,52858.24,63429.888,76115.8656,30.308,15,12685.9776,0
Maharashtra,Chandrapur,2021,27,48878.13,58653.756,70384.5072,5.732,15,11730.7512,0
Maharashtra,Dhule,2021,27,28824.69,34589.628,41507.5536,6.056,15,6917.9256,0
Maharashtra,Gadchiroli,2021,27,45173.98,54208.776,65050.5312,15.086,15,10841.7552,0
Maharashtra,Gondia,2021,27,40534.63,48641.556,58369.8672,15.392,15,9728.3112,0
Maharashtra,Jalgaon,2021,27,29635.57,35562.684,42675.2208,14.81,15,7112.5368,0
Maharashtra,Jalna,2021,27,33974.48,40769.376,48923.2512,9.194,15,8153.8752,0
Maharashtra,Kolhapur,2021,27,27031.14,32437.368,38924.8416,22.904,15,6487.4736,0
Maharashtra,Latur,2021,27,42905.89,51487.068,61784.4816,5.48,15,10297.4136,0
Maharashtra,Maharashtra Family Courts,2021,27,23444.74,28133.688,33760.4256,9.938,15,5626.7376,0
Maharashtra,Maharashtra Industrial and Lab,2021,27,39957.42,47948.904,57538.6848,6.458,15,9589.7808,0
Maharashtra,Maharashtra School Tribunals,2021,27,9792.28,11750.736,14100.8832,9.944,15,2350.1472,0
Maharashtra,Mah State Cooperative Appellat,2021,27,16954.24,20345.088,24414.1056,14.282,15,4069.0176,0
Maharashtra,Mumbai City Civil Court,2021,27,6604.22,7925.064,9510.0768,5.06,15,1585.0128,0
Maharashtra,Mumbai CMM Courts,2021,27,17934.71,21521.652,25825.9824,5.126,15,4304.3304,0
Maharashtra,Mumbai Motor Accident Claims T,2021,27,4370.15,5244.18,6293.016,6.806,15,1048.836,0
Maharashtra,Mumbai Small Causes Court,2021,27,4914.2,5897.04,7076.448,5.15,15,1179.408,0
Maharashtra,Nagpur,2021,27,8833.76,10600.512,12720.6144,5.36,15,2120.1024,0
Maharashtra,Nanded,2021,27,6790.46,8148.552,9778.2624,5.108,15,1629.7104,0
Maharashtra,Nandurbar,2021,27,3886.99,4664.388,5597.2656,5.12,15,932.8776,0
Maharashtra,Nashik,2021,27,14655.4,17586.48,21103.776,5.276,15,3517.296,0
Maharashtra,Osmanabad,2021,27,13263.35,15916.02,19099.224,13.148,15,3183.204,0
Maharashtra,Parbhani,2021,27,2037.26,2444.712,2933.6544,13.484,15,488.9424,0
Maharashtra,Pune,2021,27,10081.83,12098.196,14517.8352,16.214,15,2419.6392,0
Maharashtra,Raigad,2021,27,10847.51,13017.012,15620.4144,10.364,15,2603.4024,0
Maharashtra,Ratnagiri,2021,27,7266.18,8719.416,10463.2992,23.6,15,1743.8832,0
Maharashtra,Sangli,2021,27,9312.18,11174.616,13409.5392,7.202,15,2234.9232,0
Maharashtra,Satara,2021,27,9249.52,11099.424,13319.3088,6.584,15,2219.8848,0
Maharashtra,Sindhudurg,2021,27,1673.04,2007.648,2409.1776,6.962,15,401.5296,0
Maharashtra,Solapur,2021,27,15180.31,18216.372,21859.6464,5.228,15,3643.2744,0
Maharashtra,Thane,2021,27,12296.28,14755.536,17706.6432,10.256,15,2951.1072,0
Maharashtra,Thane,2021,27,3593.33,4311.996,5174.3952,23.072,15,862.3992,0
Maharashtra,Wardha,2021,27,5894.93,7073.916,8488.6992,15.116,15,1414.7832,0
Maharashtra,Washim,2021,27,11718.32,14061.984,16874.3808,29.498,15,2812.3968,0
Maharashtra,Yavatmal,2021,27,9821.61,11785.932,14143.1184,5.744,15,2357.1864,0
Manipur,Bishnupur,2021,14,10430.96,12517.152,15020.5824,6.056,15,2503.4304,0
Manipur,Chandel,2021,14,9574.23,11489.076,13786.8912,14.894,15,2297.8152,0
Manipur,Chandel,2021,14,18925.5,22710.6,27252.72,15.614,15,4542.12,0
Manipur,Churachandpur,2021,14,7670.4,9204.48,11045.376,14.744,15,1840.896,0
Manipur,Churachandpur,2021,14,7140.35,8568.42,10282.104,9.344,15,1713.684,0
Manipur,Imphal East,2021,14,7341,8809.2,10571.04,23.846,15,1761.84,0
Manipur,Imphal East,2021,14,11900.1,14280.12,17136.144,5.504,15,2856.024,0
Manipur,Imphal East,2021,14,13279.29,15935.148,19122.1776,10.262,15,3187.0296,0
Manipur,Imphal West,2021,14,8660,10392,12470.4,6.488,15,2078.4,0
Manipur,Senapati,2021,14,28115.69,33738.828,40486.5936,10.058,15,6747.7656,0
Manipur,Senapati,2021,14,25400.73,30480.876,36577.0512,14.318,15,6096.1752,0
Manipur,Tamenglong,2021,14,20094.27,24113.124,28935.7488,5.06,15,4822.6248,0
Manipur,Tamenglong,2021,14,29705.41,35646.492,42775.7904,5.126,15,7129.2984,0
Manipur,Thoubal,2021,14,39350.42,47220.504,56664.6048,6.806,15,9444.1008,0
Manipur,Thoubal,2021,14,30509.71,36611.652,43933.9824,5.15,15,7322.3304,0
Manipur,Ukhrul,2021,14,27284.07,32740.884,39289.0608,5.354,15,6548.1768,0
Manipur,Ukhrul,2021,14,17063.52,20476.224,24571.4688,5.108,15,4095.2448,0
Meghalaya,East Garo Hills,2021,17,39416.9,47300.28,56760.336,5.132,15,9460.056,0
Meghalaya,East Garo Hills,2021,17,43914.18,52697.016,63236.4192,5.288,15,10539.4032,0
Meghalaya,East Khasi Hills,2021,17,25620.12,30744.144,36892.9728,13.358,15,6148.8288,0
Meghalaya,KHADC Court,2021,17,17604.05,21124.86,25349.832,13.628,15,4224.972,0
Meghalaya,Ri Bhoi,2021,17,11253.13,13503.756,16204.5072,16.712,15,2700.7512,0
Meghalaya,South West Garo Hills,2021,17,16263.84,19516.608,23419.9296,9.932,15,3903.3216,0
Meghalaya,South West Khasi Hills,2021,17,30564.52,36677.424,44012.9088,24.17,15,7335.4848,0
Meghalaya,West Garo Hills,2021,17,16668.86,20002.632,24003.1584,7.13,15,4000.5264,0
Meghalaya,West Jaintia Hills,2021,17,16904,20284.8,24341.76,6.614,15,4056.96,0
Meghalaya,West Jaintia Hills,2021,17,10009.12,12010.944,14413.1328,7.256,15,2402.1888,0
Meghalaya,West Khasi Hills,2021,17,20017.62,24021.144,28825.3728,5.21,15,4804.2288,0
Mizoram,Aizawl,2021,15,44873.79,53848.548,64618.2576,10.376,15,10769.7096,0
Mizoram,Aizawl,2021,15,50993.71,61192.452,73430.9424,23.336,15,12238.4904,0
Mizoram,Kolasib,2021,15,13677.65,16413.18,19695.816,15.242,15,3282.636,0
Mizoram,Lunglei,2021,15,48010.62,57612.744,51851.4696,29.378,15,-5761.2744,0
Mizoram,Lunglei,2021,15,28776.53,34531.836,31078.6524,5.744,15,-3453.1836,0
Mizoram,Lunglei,2021,15,22191.46,26629.752,23966.7768,6.11,15,-2662.9752,0
Nagaland,Dimapur,2021,13,58384.65,70061.58,63055.422,14.798,15,-7006.158,0
Nagaland,Kohima,2021,13,32646.19,39175.428,35257.8852,15.62,15,-3917.5428,0
Nagaland,Mokokchung,2021,13,29599.18,35519.016,31967.1144,14.402,15,-3551.9016,0
Nagaland,Wokha,2021,13,19006.61,22807.932,20527.1388,9.176,15,-2280.7932,0
Odisha,Anugul,2021,21,42615.66,51138.792,46024.9128,23.354,15,-5113.8792,0
Odisha,Balangir,2021,21,39518.62,47422.344,42680.1096,5.498,15,-4742.2344,0
Odisha,Balasore,2021,21,6363.42,7636.104,6872.4936,10.292,15,-763.6104,0
Odisha,Bargarh,2021,21,6562.46,7874.952,7087.4568,6.488,15,-787.4952,0
Odisha,Bhadrak,2021,21,34235.74,41082.888,36974.5992,10.142,15,-4108.2888,0
Odisha,Boudh,2021,21,33304.64,39965.568,35969.0112,13.634,15,-3996.5568,0
Odisha,Cuttack,2021,21,22290.76,26748.912,24074.0208,5.054,15,-2674.8912,0
Odisha,Deogarh,2021,21,35174.24,42209.088,37988.1792,5.126,15,-4220.9088,0
Odisha,Dhenkanal,2021,21,10554.5,12665.4,11398.86,6.902,15,-1266.54,0
Odisha,Gajapati,2021,21,8261.65,9913.98,8922.582,5.15,15,-991.398,0
Odisha,Ganjam,2021,21,13053.43,15664.116,14097.7044,5.324,15,-1566.4116,0
Odisha,Jagatsinghpur,2021,21,7304.91,8765.892,10519.0704,5.108,15,1753.1784,0
Odisha,Jajpur,2021,21,212.82,255.384,306.4608,5.126,15,51.0768,0
Odisha,Jharsuguda,2021,21,8130.93,9757.116,11708.5392,5.3,15,1951.4232,0
Odisha,Kalahandi,2021,21,7957.59,9549.108,11458.9296,13.466,15,1909.8216,0
Odisha,Kandhamal,2021,21,3364.2,4037.04,4844.448,13.574,15,807.408,0
Odisha,Kendrapada,2021,21,16255.02,19506.024,23407.2288,16.124,15,3901.2048,0
Odisha,Keonjhar,2021,21,2501.59,3001.908,3602.2896,9.668,15,600.3816,0
Odisha,Khurda,2021,21,2834.79,3401.748,4082.0976,24.602,15,680.3496,0
Odisha,Koraput,2021,21,7997.81,9597.372,11516.8464,7.058,15,1919.4744,0
Odisha,Malkangiri,2021,21,17219.48,20663.376,24796.0512,6.536,15,4132.6752,0
Odisha,Mayurbhanj,2021,21,16197.07,19436.484,23323.7808,7.37,15,3887.2968,0
Odisha,Nabarangpur,2021,21,8516.69,10220.028,12264.0336,5.192,15,2044.0056,0
Odisha,Nayagarh,2021,21,7489.41,8987.292,10784.7504,10.28,15,1797.4584,0
Odisha,Nuapada,2021,21,8225.26,9870.312,11844.3744,22.43,15,1974.0624,0
Odisha,Puri,2021,21,5788.24,6945.888,8335.0656,15.212,15,1389.1776,0
Odisha,Rayagada,2021,21,12066.4,14479.68,17375.616,28.526,15,2895.936,0
Odisha,Sambalpur,2021,21,6589.17,7907.004,9488.4048,5.744,15,1581.4008,0
Odisha,Sonepur,2021,21,10327.54,12393.048,14871.6576,6.038,15,2478.6096,0
Odisha,Sundargarh,2021,21,7017.07,8420.484,10104.5808,14.642,15,1684.0968,0
Punjab,Amritsar,2021,3,7843.87,9412.644,11295.1728,15.458,15,1882.5288,0
Punjab,Barnala,2021,3,8450.08,10140.096,12168.1152,13.322,15,2028.0192,0
Punjab,Bathinda,2021,3,8664.64,10397.568,12477.0816,8.852,15,2079.5136,0
Punjab,Faridkot,2021,3,2381.42,2857.704,3429.2448,22.322,15,571.5408,0
Punjab,Fatehgarh Sahib,2021,3,40811.48,48973.776,58768.5312,5.444,15,9794.7552,0
Punjab,Fazilka,2021,3,41740.64,50088.768,60106.5216,10.622,15,10017.7536,0
Punjab,Ferozepur,2021,3,52858.24,63429.888,76115.8656,6.488,15,12685.9776,0
Punjab,Gurdaspur,2021,3,48878.13,58653.756,70384.5072,9.926,15,11730.7512,0
Punjab,Hoshiarpur,2021,3,28824.69,34589.628,41507.5536,13.604,15,6917.9256,0
Punjab,Jalandhar,2021,3,45173.98,54208.776,65050.5312,5.042,15,10841.7552,0
Punjab,Kapurthala,2021,3,40534.63,48641.556,58369.8672,5.132,15,9728.3112,0
Punjab,Ludhiana,2021,3,29635.57,35562.684,42675.2208,6.752,15,7112.5368,0
Punjab,Mansa,2021,3,33974.48,40769.376,48923.2512,5,15,8153.8752,Turn on all street lights
Punjab,Moga,2021,3,27031.14,32437.368,38924.8416,5,15,6487.4736,
Punjab,Mohali,2021,3,42905.89,51487.068,61784.4816,4.016,15,10297.4136,
Punjab,Pathankot,2021,3,23444.74,28133.688,33760.4256,5,15,5626.7376,
Punjab,Patiala,2021,3,39957.42,47948.904,57538.6848,2.108,15,9589.7808,Charge Cars
Punjab,Rupnagar,2021,3,9792.28,11750.736,14100.8832,5,15,2350.1472,
Punjab,Sangrur,2021,3,16954.24,20345.088,24414.1056,5,15,4069.0176,
Punjab,Sangrur,2021,3,6604.22,7925.064,9510.0768,4.904,15,1585.0128,
Punjab,SBS Nagar,2021,3,17934.71,21521.652,25825.9824,4.7,15,4304.3304,
Punjab,Sri Muktsar Sahib,2021,3,4370.15,5244.18,6293.016,1.1,15,1048.836,Charge Cars
Punjab,Tarn Taran,2021,3,4914.2,5897.04,7076.448,4.7,15,1179.408,
Rajasthan,Ajmer,2021,8,8833.76,10600.512,12720.6144,4.304,15,2120.1024,
Rajasthan,Alwar,2021,8,6790.46,8148.552,9778.2624,4.808,15,1629.7104,
Rajasthan,Balotra Barmer,2021,8,3886.99,4664.388,5597.2656,4.724,15,932.8776,
Rajasthan,Banswara,2021,8,14655.4,17586.48,21103.776,4.484,15,3517.296,
Rajasthan,Baran,2021,8,13263.35,15916.02,19099.224,5,15,3183.204,
Rajasthan,Bharatpur,2021,8,2037.26,2444.712,2933.6544,5,15,488.9424,
Rajasthan,Bhilwara,2021,8,10081.83,12098.196,14517.8352,5,15,2419.6392,
Rajasthan,Bikaner,2021,8,10847.51,13017.012,15620.4144,5,15,2603.4024,
Rajasthan,Bundi,2021,8,7266.18,8719.416,10463.2992,5,15,1743.8832,
Rajasthan,Chittorgarh,2021,8,9312.18,11174.616,13409.5392,5,15,2234.9232,Charge invertors
Rajasthan,Churu,2021,8,9249.52,11099.424,13319.3088,1.556,15,2219.8848,Charge Cars
Rajasthan,Dausa,2021,8,1673.04,2007.648,2409.1776,0.38,15,401.5296,Charge Cars
Rajasthan,Dholpur,2021,8,15180.31,18216.372,21859.6464,4.364,15,3643.2744,
Rajasthan,Dungarpur,2021,8,12296.28,14755.536,17706.6432,5,15,2951.1072,
Rajasthan,Ganganagar,2021,8,3593.33,4311.996,5174.3952,5,15,862.3992,
Rajasthan,Hanumangarh,2021,8,5894.93,7073.916,8488.6992,5,15,1414.7832,
Rajasthan,Jaipur District,2021,8,11718.32,14061.984,16874.3808,5,15,2812.3968,
Rajasthan,Jaipur Metro I,2021,8,9821.61,11785.932,14143.1184,3.584,15,2357.1864,
Rajasthan,Jaipur Metro II,2021,8,10430.96,12517.152,15020.5824,2.828,15,2503.4304,
Rajasthan,Jaiselmer,2021,8,9574.23,11489.076,13786.8912,5,15,2297.8152,
Rajasthan,Jalore,2021,8,18925.5,22710.6,27252.72,5,15,4542.12,
Rajasthan,Jhalawar,2021,8,7670.4,9204.48,11045.376,5,15,1840.896,
Rajasthan,Jhunjhunu,2021,8,7140.35,8568.42,10282.104,5,15,1713.684,Turn on all street lights
Rajasthan,Jodhpur District,2021,8,7341,8809.2,10571.04,5,15,1761.84,
Rajasthan,Jodhpur Metro,2021,8,11900.1,14280.12,17136.144,4.004,15,2856.024,
Rajasthan,Karauli,2021,8,13279.29,15935.148,19122.1776,5,15,3187.0296,
Rajasthan,Kota,2021,8,8660,10392,12470.4,2.144,15,2078.4,Charge Cars
Rajasthan,Merta Nagaur,2021,8,28115.69,33738.828,40486.5936,5,15,6747.7656,
Rajasthan,Pali,2021,8,25400.73,30480.876,36577.0512,5,15,6096.1752,
Rajasthan,Pratapgarh,2021,8,20094.27,24113.124,28935.7488,4.892,15,4822.6248,
Rajasthan,Rajsamand,2021,8,29705.41,35646.492,42775.7904,4.712,15,7129.2984,
Rajasthan,Sawai Madhopur,2021,8,39350.42,47220.504,56664.6048,1.232,15,9444.1008,Charge Cars
Rajasthan,Sikar,2021,8,30509.71,36611.652,43933.9824,4.688,15,7322.3304,
Rajasthan,Sirohi,2021,8,27284.07,32740.884,39289.0608,4.328,15,6548.1768,
Rajasthan,Tonk,2021,8,17063.52,20476.224,24571.4688,4.808,15,4095.2448,
Rajasthan,Udaipur,2021,8,39416.9,47300.28,56760.336,4.736,15,9460.056,
Sikkim,Gangtok,2021,11,43914.18,52697.016,63236.4192,4.424,15,10539.4032,
Sikkim,Gyalshing,2021,11,25620.12,30744.144,36892.9728,5,15,6148.8288,
Sikkim,Mangan,2021,11,17604.05,21124.86,25349.832,5,15,4224.972,
Sikkim,Namchi,2021,11,11253.13,13503.756,16204.5072,5,15,2700.7512,
Tamil Nadu,Ariyalur,2021,33,16263.84,19516.608,23419.9296,5,15,3903.3216,
Tamil Nadu,Chennai,2021,33,30564.52,36677.424,44012.9088,5,15,7335.4848,
Tamil Nadu,Coimbatore,2021,33,16668.86,20002.632,24003.1584,5,15,4000.5264,Charge invertors
Tamil Nadu,Cuddalore,2021,33,16904,20284.8,24341.76,1.628,15,4056.96,Charge Cars
Tamil Nadu,Dharmapuri,2021,33,10009.12,12010.944,14413.1328,0.152,15,2402.1888,Charge Cars
Tamil Nadu,Dindigul,2021,33,20017.62,24021.144,28825.3728,4.388,15,4804.2288,
Tamil Nadu,Erode,2021,33,44873.79,53848.548,64618.2576,5,15,10769.7096,
Tamil Nadu,Kancheepuram,2021,33,50993.71,61192.452,73430.9424,5,15,12238.4904,
Tamil Nadu,Kancheepuram,2021,33,13677.65,16413.18,19695.816,5,15,3282.636,
Tamil Nadu,Kanniyakumari,2021,33,48010.62,57612.744,69135.2928,5,15,11522.5488,
Tamil Nadu,Karur,2021,33,28776.53,34531.836,41438.2032,3.584,15,6906.3672,
Tamil Nadu,Krishnagiri,2021,33,22191.46,26629.752,31955.7024,2.876,15,5325.9504,
Tamil Nadu,Madurai,2021,33,58384.65,70061.58,84073.896,5,15,14012.316,
Tamil Nadu,Nagapattinam,2021,33,32646.19,39175.428,47010.5136,5,15,7835.0856,
Tamil Nadu,Nagapattinam,2021,33,29599.18,35519.016,42622.8192,5,15,7103.8032,
Tamil Nadu,Namakkal,2021,33,19006.61,22807.932,27369.5184,5,15,4561.5864,Turn on all street lights
Tamil Nadu,Perambalur,2021,33,42615.66,51138.792,61366.5504,5,15,10227.7584,
Tamil Nadu,Pudukkottai,2021,33,39518.62,47422.344,56906.8128,4.004,15,9484.4688,
Tamil Nadu,Ramanathapuram,2021,33,6363.42,7636.104,9163.3248,5,15,1527.2208,
Tamil Nadu,Salem,2021,33,6562.46,7874.952,9449.9424,2,15,1574.9904,Charge Cars
Tamil Nadu,Sivagangai,2021,33,34235.74,41082.888,49299.4656,5,15,8216.5776,
Tamil Nadu,Thanjavur,2021,33,33304.64,39965.568,47958.6816,5,15,7993.1136,
Tamil Nadu,Theni,2021,33,22290.76,26748.912,32098.6944,4.892,15,5349.7824,
Tamil Nadu,The Nilgiris,2021,33,35174.24,42209.088,50650.9056,4.748,15,8441.8176,
Tamil Nadu,Thoothukudi,2021,33,10554.5,12665.4,15198.48,1.04,15,2533.08,Charge Cars
Tamil Nadu,Thoothukudi,2021,33,8261.65,9913.98,11896.776,4.688,15,1982.796,
Tamil Nadu,Tiruchirappalli,2021,33,13053.43,15664.116,18796.9392,4.328,15,3132.8232,
Tamil Nadu,Tirunelveli,2021,33,7304.91,8765.892,10519.0704,4.796,15,1753.1784,
Tamil Nadu,Tirunelveli,2021,33,212.82,255.384,306.4608,4.736,15,51.0768,
Tamil Nadu,Tiruppur,2021,33,8130.93,9757.116,11708.5392,4.34,15,1951.4232,
Tamil Nadu,Tiruvallur,2021,33,7957.59,9549.108,11458.9296,5,15,1909.8216,
Tamil Nadu,Tiruvannamalai,2021,33,3364.2,4037.04,4844.448,5,15,807.408,
Tamil Nadu,Tiruvarur,2021,33,16255.02,19506.024,23407.2288,5,15,3901.2048,
Tamil Nadu,Vellore,2021,33,2501.59,3001.908,3602.2896,5,15,600.3816,
Tamil Nadu,Vellore,2021,33,2834.79,3401.748,4082.0976,5,15,680.3496,
Tamil Nadu,Vellore,2021,33,7997.81,9597.372,11516.8464,0.224,15,1919.4744,Charge Cars
Tamil Nadu,Viluppuram,2021,33,17219.48,20663.376,24796.0512,1.544,15,4132.6752,Charge Cars
Tamil Nadu,Viluppuram,2021,33,16197.07,19436.484,23323.7808,5,15,3887.2968,Charge invertors
Tamil Nadu,Virudhunagar,2021,33,8516.69,10220.028,12264.0336,4.376,15,2044.0056,
Telangana,Adilabad,2021,36,7489.41,8987.292,8088.5628,5,15,-898.7292,0
Telangana,Adilabad,2021,36,8225.26,9870.312,8883.2808,4.016,15,-987.0312,0
Telangana,Adilabad,2021,36,5788.24,6945.888,6251.2992,5,15,-694.5888,0
Telangana,Adilabad,2021,36,12066.4,14479.68,13031.712,2.108,15,-1447.968,0
Telangana,Hyderabad Central,2021,36,6589.17,7907.004,7116.3036,5,15,-790.7004,0
Telangana,Karimnagar,2021,36,10327.54,12393.048,11153.7432,5,15,-1239.3048,0
Telangana,Karimnagar,2021,36,7017.07,8420.484,7578.4356,4.904,15,-842.0484,0
Telangana,Karimnagar,2021,36,14939.84,17927.808,16135.0272,4.7,15,-1792.7808,0
Telangana,Karimnagar,2021,36,5976.53,7171.836,6454.6524,1.1,15,-717.1836,0
Telangana,Karimnagar,2021,36,21608.76,25930.512,23337.4608,4.7,15,-2593.0512,0
Telangana,Karimnagar,2021,36,15371.33,18445.596,16601.0364,4.304,15,-1844.5596,0
Telangana,Karimnagar,2021,36,7843.87,9412.644,8471.3796,4.808,15,-941.2644,0
Telangana,Khammam,2021,36,8450.08,10140.096,9126.0864,4.724,15,-1014.0096,0
Telangana,Khammam,2021,36,8664.64,10397.568,9357.8112,4.484,15,-1039.7568,0
Telangana,Khammam,2021,36,2381.42,2857.704,2571.9336,5,15,-285.7704,0
Telangana,Khammam,2021,36,40811.48,48973.776,58768.5312,5,15,9794.7552,0
Telangana,Mahabubnagar,2021,36,41740.64,50088.768,60106.5216,5,15,10017.7536,0
Telangana,Mahabubnagar,2021,36,52858.24,63429.888,76115.8656,5,15,12685.9776,0
Telangana,Mahabubnagar,2021,36,48878.13,58653.756,70384.5072,5,15,11730.7512,0
Telangana,Mahabubnagar,2021,36,28824.69,34589.628,41507.5536,5,15,6917.9256,0
Telangana,Mahabubnagar,2021,36,45173.98,54208.776,65050.5312,1.556,15,10841.7552,0
Telangana,Mahabubnagar,2021,36,40534.63,48641.556,58369.8672,0.38,15,9728.3112,0
Telangana,Medak,2021,36,29635.57,35562.684,42675.2208,4.364,15,7112.5368,0
Telangana,Medak,2021,36,33974.48,40769.376,48923.2512,5,15,8153.8752,0
Telangana,Medak,2021,36,27031.14,32437.368,38924.8416,5,15,6487.4736,0
Telangana,Nalgonda,2021,36,42905.89,51487.068,61784.4816,5,15,10297.4136,0
Telangana,Nalgonda,2021,36,23444.74,28133.688,33760.4256,5,15,5626.7376,0
Telangana,Nalgonda,2021,36,39957.42,47948.904,57538.6848,3.584,15,9589.7808,0
Telangana,Nizamabad,2021,36,9792.28,11750.736,14100.8832,2.828,15,2350.1472,0
Telangana,Nizamabad,2021,36,16954.24,20345.088,24414.1056,5,15,4069.0176,0
Telangana,Nizamabad,2021,36,6604.22,7925.064,9510.0768,5,15,1585.0128,0
Telangana,Nizamabad,2021,36,17934.71,21521.652,25825.9824,5,15,4304.3304,0
Telangana,Rangareddy,2021,36,4370.15,5244.18,6293.016,5,15,1048.836,0
Telangana,Rangareddy,2021,36,4914.2,5897.04,7076.448,5,15,1179.408,0
Telangana,Rangareddy,2021,36,8833.76,10600.512,12720.6144,4.004,15,2120.1024,0
Telangana,Warangal,2021,36,6790.46,8148.552,9778.2624,5,15,1629.7104,0
Telangana,Warangal,2021,36,3886.99,4664.388,5597.2656,2.144,15,932.8776,0
Telangana,Warangal,2021,36,14655.4,17586.48,21103.776,5,15,3517.296,0
Telangana,Warangal,2021,36,13263.35,15916.02,19099.224,5,15,3183.204,0
Telangana,Warangal,2021,36,2037.26,2444.712,2933.6544,4.892,15,488.9424,0
Telangana,Warangal,2021,36,10081.83,12098.196,14517.8352,5,15,2419.6392,Turn on all street lights
Telangana,Warangal,2021,36,10847.51,13017.012,15620.4144,5,15,2603.4024,
Tripura,Dhalai Tripura,2021,16,7266.18,8719.416,10463.2992,4.016,15,1743.8832,
Tripura,Gomati Tripura,2021,16,9312.18,11174.616,13409.5392,5,15,2234.9232,
Tripura,Khowai Tripura,2021,16,9249.52,11099.424,13319.3088,2.108,15,2219.8848,Charge Cars
Tripura,North Tripura,2021,16,1673.04,2007.648,2409.1776,5,15,401.5296,
Tripura,Sepahijala Tripura,2021,16,15180.31,18216.372,21859.6464,5,15,3643.2744,
Tripura,South Tripura,2021,16,12296.28,14755.536,17706.6432,4.904,15,2951.1072,
Tripura,Unakoti Tripura,2021,16,3593.33,4311.996,5174.3952,4.7,15,862.3992,
Tripura,West Tripura,2021,16,5894.93,7073.916,8488.6992,1.1,15,1414.7832,Charge Cars
Uttarakhand,Almora,2021,5,11718.32,14061.984,16874.3808,4.7,15,2812.3968,
Uttarakhand,Bageshwar,2021,5,9821.61,11785.932,14143.1184,4.304,15,2357.1864,
Uttarakhand,Chamoli,2021,5,10430.96,12517.152,15020.5824,4.808,15,2503.4304,
Uttarakhand,Champawat,2021,5,9574.23,11489.076,13786.8912,4.724,15,2297.8152,
Uttarakhand,Dehradun,2021,5,18925.5,22710.6,27252.72,4.484,15,4542.12,
Uttarakhand,Haridwar,2021,5,7670.4,9204.48,11045.376,5,15,1840.896,
Uttarakhand,Nainital,2021,5,7140.35,8568.42,10282.104,5,15,1713.684,
Uttarakhand,Pauri Garhwal,2021,5,7341,8809.2,10571.04,5,15,1761.84,
Uttarakhand,Pithoragarh,2021,5,11900.1,14280.12,17136.144,5,15,2856.024,
Uttarakhand,Rudraprayag,2021,5,13279.29,15935.148,19122.1776,5,15,3187.0296,
Uttarakhand,Tehri Garhwal,2021,5,8660,10392,12470.4,5,15,2078.4,Charge invertors
Uttarakhand,Udham Singh Nagar,2021,5,28115.69,33738.828,40486.5936,1.556,15,6747.7656,Charge Cars
Uttarakhand,Uttarkashi,2021,5,25400.73,30480.876,36577.0512,0.38,15,6096.1752,Charge Cars
Uttar Pradesh,Agra,2021,9,20094.27,24113.124,28935.7488,4.364,15,4822.6248,
Uttar Pradesh,Aligarh,2021,9,29705.41,35646.492,42775.7904,5,15,7129.2984,
Uttar Pradesh,Allahabad,2021,9,39350.42,47220.504,56664.6048,5,15,9444.1008,
Uttar Pradesh,Ambedkar Nagar,2021,9,30509.71,36611.652,43933.9824,5,15,7322.3304,
Uttar Pradesh,Auraiya,2021,9,27284.07,32740.884,39289.0608,5,15,6548.1768,
Uttar Pradesh,Azamgarh,2021,9,17063.52,20476.224,24571.4688,3.584,15,4095.2448,
Uttar Pradesh,Baghpat,2021,9,39416.9,47300.28,56760.336,2.828,15,9460.056,
Uttar Pradesh,Bahraich,2021,9,43914.18,52697.016,63236.4192,5,15,10539.4032,
Uttar Pradesh,Ballia,2021,9,25620.12,30744.144,36892.9728,5,15,6148.8288,
Uttar Pradesh,Balrampur,2021,9,17604.05,21124.86,25349.832,5,15,4224.972,
Uttar Pradesh,Banda,2021,9,11253.13,13503.756,16204.5072,5,15,2700.7512,Turn on all street lights
Uttar Pradesh,Barabanki,2021,9,16263.84,19516.608,23419.9296,5,15,3903.3216,
Uttar Pradesh,Bareilly,2021,9,30564.52,36677.424,44012.9088,4.004,15,7335.4848,
Uttar Pradesh,Basti,2021,9,16668.86,20002.632,24003.1584,5,15,4000.5264,
Uttar Pradesh,Bhadohi SR Nagar,2021,9,16904,20284.8,24341.76,2.144,15,4056.96,Charge Cars
Uttar Pradesh,Bijnor,2021,9,10009.12,12010.944,14413.1328,5,15,2402.1888,
Uttar Pradesh,Budaun,2021,9,20017.62,24021.144,28825.3728,5,15,4804.2288,
Uttar Pradesh,Bulandshahr,2021,9,44873.79,53848.548,64618.2576,4.892,15,10769.7096,
Uttar Pradesh,Chandauli,2021,9,50993.71,61192.452,73430.9424,4.712,15,12238.4904,
Uttar Pradesh,Chitrakoot,2021,9,13677.65,16413.18,19695.816,1.232,15,3282.636,Charge Cars
Uttar Pradesh,Deoria,2021,9,48010.62,57612.744,69135.2928,4.688,15,11522.5488,
Uttar Pradesh,Etah,2021,9,28776.53,34531.836,41438.2032,4.328,15,6906.3672,
Uttar Pradesh,Etawah,2021,9,22191.46,26629.752,31955.7024,4.808,15,5325.9504,
Uttar Pradesh,Faizabad,2021,9,58384.65,70061.58,84073.896,4.736,15,14012.316,
Uttar Pradesh,Farrukhabad,2021,9,32646.19,39175.428,47010.5136,4.424,15,7835.0856,
Uttar Pradesh,Fatehpur,2021,9,29599.18,35519.016,42622.8192,5,15,7103.8032,
Uttar Pradesh,Firozabad,2021,9,19006.61,22807.932,27369.5184,5,15,4561.5864,
Uttar Pradesh,Gautam Buddha Nagar,2021,9,42615.66,51138.792,61366.5504,5,15,10227.7584,
Uttar Pradesh,Ghaziabad,2021,9,39518.62,47422.344,56906.8128,5,15,9484.4688,
Uttar Pradesh,Ghazipur,2021,9,6363.42,7636.104,9163.3248,5,15,1527.2208,
Uttar Pradesh,Gonda,2021,9,6562.46,7874.952,9449.9424,5,15,1574.9904,Charge invertors
Uttar Pradesh,Gorakhpur,2021,9,34235.74,41082.888,49299.4656,1.628,15,8216.5776,Charge Cars
Uttar Pradesh,Hamirpur,2021,9,33304.64,39965.568,47958.6816,0.152,15,7993.1136,Charge Cars
Uttar Pradesh,Hapur,2021,9,22290.76,26748.912,32098.6944,4.388,15,5349.7824,
Uttar Pradesh,Hardoi,2021,9,35174.24,42209.088,50650.9056,5,15,8441.8176,
Uttar Pradesh,Hathras,2021,9,10554.5,12665.4,15198.48,5,15,2533.08,
Uttar Pradesh,Jalaun,2021,9,8261.65,9913.98,11896.776,5,15,1982.796,
Uttar Pradesh,Jaunpur,2021,9,13053.43,15664.116,18796.9392,5,15,3132.8232,
Uttar Pradesh,Jhansi,2021,9,7304.91,8765.892,10519.0704,3.584,15,1753.1784,
Uttar Pradesh,Jyotiba Phule Nagar,2021,9,212.82,255.384,306.4608,2.876,15,51.0768,
Uttar Pradesh,Kannauj,2021,9,8130.93,9757.116,11708.5392,5,15,1951.4232,
Uttar Pradesh,Kanpur Dehat,2021,9,7957.59,9549.108,11458.9296,5,15,1909.8216,
Uttar Pradesh,Kanpur Nagar,2021,9,3364.2,4037.04,4844.448,5,15,807.408,
Uttar Pradesh,Kanshi Ram Nagar,2021,9,16255.02,19506.024,23407.2288,5,15,3901.2048,Turn on all street lights
Uttar Pradesh,Kaushambi,2021,9,2501.59,3001.908,3602.2896,5,15,600.3816,
Uttar Pradesh,Kushinagar,2021,9,2834.79,3401.748,4082.0976,4.004,15,680.3496,
Uttar Pradesh,Lakhimpur,2021,9,7997.81,9597.372,11516.8464,5,15,1919.4744,
Uttar Pradesh,Lalitpur,2021,9,17219.48,20663.376,24796.0512,2,15,4132.6752,Charge Cars
Uttar Pradesh,Lucknow,2021,9,16197.07,19436.484,23323.7808,5,15,3887.2968,
Uttar Pradesh,Maharajganj,2021,9,8516.69,10220.028,12264.0336,5,15,2044.0056,
Uttar Pradesh,Mahoba,2021,9,7489.41,8987.292,10784.7504,4.892,15,1797.4584,
Uttar Pradesh,Mainpuri,2021,9,8225.26,9870.312,11844.3744,4.748,15,1974.0624,
Uttar Pradesh,Mathura,2021,9,5788.24,6945.888,8335.0656,1.04,15,1389.1776,Charge Cars
Uttar Pradesh,Mau,2021,9,12066.4,14479.68,17375.616,4.688,15,2895.936,
Uttar Pradesh,Meerut,2021,9,6589.17,7907.004,9488.4048,4.328,15,1581.4008,
Uttar Pradesh,Mirzapur,2021,9,10327.54,12393.048,14871.6576,4.796,15,2478.6096,
Uttar Pradesh,Moradabad,2021,9,7017.07,8420.484,10104.5808,4.736,15,1684.0968,
Uttar Pradesh,Muzaffarnagar,2021,9,14939.84,17927.808,21513.3696,4.34,15,3585.5616,
Uttar Pradesh,Pilibhit,2021,9,5976.53,7171.836,8606.2032,5,15,1434.3672,
Uttar Pradesh,Pratapgarh,2021,9,21608.76,25930.512,31116.6144,5,15,5186.1024,
Uttar Pradesh,Raebareli,2021,9,15371.33,18445.596,22134.7152,5,15,3689.1192,
Uttar Pradesh,Raebareli,2021,9,7843.87,9412.644,11295.1728,5,15,1882.5288,
Uttar Pradesh,Rampur,2021,9,8450.08,10140.096,12168.1152,5,15,2028.0192,
Uttar Pradesh,Saharanpur,2021,9,8664.64,10397.568,12477.0816,0.224,15,2079.5136,Charge Cars
Uttar Pradesh,Sambhal at Chandausi,2021,9,2381.42,2857.704,3429.2448,1.544,15,571.5408,Charge Cars
Uttar Pradesh,Santkabir Nagar,2021,9,40811.48,48973.776,58768.5312,5,15,9794.7552,Charge invertors
Uttar Pradesh,Shahjahanpur,2021,9,41740.64,50088.768,60106.5216,4.376,15,10017.7536,
Uttar Pradesh,Shamli,2021,9,52858.24,63429.888,76115.8656,5,15,12685.9776,0
Uttar Pradesh,Shravasti,2021,9,48878.13,58653.756,70384.5072,5,15,11730.7512,0
Uttar Pradesh,Siddharthnagar,2021,9,28824.69,34589.628,41507.5536,5,15,6917.9256,0
Uttar Pradesh,Sitapur,2021,9,45173.98,54208.776,48787.8984,4.088,15,-5420.8776,0
Uttar Pradesh,Sonbhadra,2021,9,40534.63,48641.556,43777.4004,5,15,-4864.1556,0
Uttar Pradesh,Sultanpur,2021,9,29635.57,35562.684,32006.4156,2.144,15,-3556.2684,0
Uttar Pradesh,Sultanpur,2021,9,33974.48,40769.376,36692.4384,5,15,-4076.9376,0
Uttar Pradesh,Unnao,2021,9,27031.14,32437.368,29193.6312,5,15,-3243.7368,0
Uttar Pradesh,Varanasi,2021,9,42905.89,51487.068,46338.3612,4.928,15,-5148.7068,0
West Bengal,Bankura,2021,19,23444.74,28133.688,25320.3192,4.724,15,-2813.3688,0
West Bengal,Birbhum,2021,19,39957.42,47948.904,43154.0136,1.004,15,-4794.8904,0
West Bengal,Calcutta,2021,19,9792.28,11750.736,10575.6624,4.7,15,-1175.0736,0
West Bengal,Coochbehar,2021,19,16954.24,20345.088,18310.5792,4.316,15,-2034.5088,0
West Bengal,Darjeeling,2021,19,6604.22,7925.064,7132.5576,4.784,15,-792.5064,0
West Bengal,Hooghly,2021,19,17934.71,21521.652,19369.4868,4.712,15,-2152.1652,0
West Bengal,Howrah,2021,19,4370.15,5244.18,4719.762,4.412,15,-524.418,0
West Bengal,Jalpaiguri,2021,19,4914.2,5897.04,5307.336,5,15,-589.704,0
West Bengal,Jalpaiguri,2021,19,8833.76,10600.512,9540.4608,5,15,-1060.0512,0
West Bengal,Jhargram,2021,19,6790.46,8148.552,7333.6968,5,15,-814.8552,0
West Bengal,kalimpong,2021,19,3886.99,4664.388,4197.9492,5,15,-466.4388,0
West Bengal,Malda,2021,19,14655.4,17586.48,15827.832,5,15,-1758.648,0
West Bengal,Murshidabad,2021,19,13263.35,15916.02,19099.224,0.02,15,3183.204,0
West Bengal,Nadia,2021,19,2037.26,2444.712,2933.6544,1.724,15,488.9424,0
West Bengal,North Dinajpur,2021,19,10081.83,12098.196,14517.8352,5,15,2419.6392,0
West Bengal,North Twenty Four Parganas,2021,19,10847.51,13017.012,15620.4144,4.424,15,2603.4024,0
West Bengal,Paschim Bardhaman,2021,19,7266.18,8719.416,10463.2992,5,15,1743.8832,0
West Bengal,Paschim Medinpur,2021,19,9312.18,11174.616,13409.5392,5,15,2234.9232,0
West Bengal,Purba Bardhaman,2021,19,9249.52,11099.424,13319.3088,5,15,2219.8848,0
West Bengal,Purba Medinipur,2021,19,1673.04,2007.648,2409.1776,5,15,401.5296,0
West Bengal,Purulia,2021,19,15180.31,18216.372,21859.6464,3.38,15,3643.2744,0
West Bengal,South Dinajpur,2021,19,12296.28,14755.536,17706.6432,2.732,15,2951.1072,0
West Bengal,South Twenty Four Parganas,2021,19,3593.33,4311.996,5174.3952,5,15,862.3992,0
